Name,SMILES
Carboline_Ghost,COC(=O)C1Cc2c([nH]c3ccccc23)C(c2ccccc2)N1C(=O)CN
Carboline_Trojan,O=C(O)C1Cc2c([nH]c3ccccc23)C(c2ccccc2)N1
Carboline_Arg112,COC(=O)C1Cc2c([nH]c3ccccc23)C(c4nnn[nH]4)N1
Carboline_THP,COC(=O)C1Cc2c([nH]c3ccccc23)C(C4CCOCC4)N1
Carboline_Min,NC(=O)C1Cc2c([nH]c3ccccc23)CN1
DKP1_Ghost,CC(C)=C[C@H]1c2n(C(=O)CN)c3ccccc3c2C[C@H]2C(=O)N3CCC[C@H]3C(=O)N21
DKP1_Trojan,NC(C(=O)O)C[C@H]1c2[nH]c3ccccc3c2C[C@H]2C(=O)N3CCC[C@H]3C(=O)N21
DKP1_Arg112,c4nnn[nH]4[C@H]1c2[nH]c3ccccc3c2C[C@H]2C(=O)N3CCC[C@H]3C(=O)N21
DKP1_THP,C4CCOCC4[C@H]1c2[nH]c3ccccc3c2C[C@H]2C(=O)N3CCC[C@H]3C(=O)N21
DKP1_Min,C[C@H]1c2[nH]c3ccccc3c2C[C@H]2C(=O)N3CCC[C@H]3C(=O)N21
DKP2_Ghost,NC(=O)CN1C(=O)[C@@H]2CCCN2C(=O)[C@@H]1Cc1c[nH]c2ccccc12
DKP2_Trojan,NC(C(=O)O)CN1C(=O)[C@@H]2CCCN2C(=O)[C@@H]1Cc1c[nH]c2ccccc12
DKP2_Arg112,c3nnn[nH]3CN1C(=O)[C@@H]2CCCN2C(=O)[C@@H]1Cc1c[nH]c2ccccc12
DKP2_THP,C3CCOCC3CN1C(=O)[C@@H]2CCCN2C(=O)[C@@H]1Cc1c[nH]c2ccccc12
DKP2_Min,CN1C(=O)[C@@H]2CCCN2C(=O)[C@@H]1Cc1c[nH]c2ccccc12
Tadalafil_Ghost,NC(=O)CN1CC(=O)N2[C@H](c3ccc(F)cc3)c4[nH]c5ccccc5c4C[C@@H]2C1=O
Tadalafil_Trojan,NC(C(=O)O)CN1CC(=O)N2[C@H](c3ccc(F)cc3)c4[nH]c5ccccc5c4C[C@@H]2C1=O
Tadalafil_Arg112,CN1CC(=O)N2[C@H](c3nnn[nH]3)c4[nH]c5ccccc5c4C[C@@H]2C1=O
Tadalafil_THP,CN1CC(=O)N2[C@H](C3CCOCC3)c4[nH]c5ccccc5c4C[C@@H]2C1=O
Tadalafil_Min,N1CC(=O)N2[C@H](C)c3[nH]c4ccccc4c3C[C@@H]2C1=O
Tricyclic_Ghost,NC(=O)CN1CCN(CC(=O)Nc2c3c(nc4ccccc24)N(Cc5ccc(F)cc5)CC3)CC1
Tricyclic_Trojan,NC(C(=O)O)CNC(=O)Nc2c3c(nc4ccccc24)N(Cc5ccc(F)cc5)CC3
Tricyclic_Arg112,CC(=O)N1CCN(CC(=O)Nc2c3c(nc4ccccc24)N(c5nnn[nH]5)CC3)CC1
Tricyclic_THP,O1CCN(CC(=O)Nc2c3c(nc4ccccc24)N(C5CCOCC5)CC3)CC1
Tricyclic_Min,NC(=O)Nc2c3c(nc4ccccc24)N(C)CC3